{"triangles": {"v": [-41.39660890136536, -42.58526973406398, 0.0, -41.26096485249499, -42.65438422066977, 0.0, -41.110602145114996, -42.67819968707835, 0.0, 23.361793182946975, -42.678347451683905, 0.0, 23.512155997503072, -42.65453267483688, 0.0, 23.647800361336714, -42.585418810929085, 0.0, 23.755448459062258, -42.47777120657257, 0.0, 23.82456294481623, -42.34212715922951, 0.0, 23.848378411213055, -42.191764453405, 0.0, 23.84856776330726, 40.07014601037708, 0.0, 23.831227861930216, 40.17962747646769, 0.0, 23.848568269187776, 40.2891088624351, 0.0, 23.848572991239458, 42.33276214835197, 0.0, 23.825453122788186, 42.47873743649469, 0.0, 23.84857366588715, 42.62471261778307, 0.0, 23.848578726314674, 44.81434113861714, 0.0, 23.84279875923323, 44.85083496065564, 0.0, 23.848578895015592, 44.887328755984534, 0.0, 23.848596940815913, 52.69213797400967, 0.0, 23.824782166935265, 52.84250079011898, 0.0, 23.755668305729905, 52.9781451562962, 0.0, 23.648020703452154, 53.08579325693205, 0.0, 23.512376657466326, 53.15490774587731, 0.0, 23.36201395204245, 53.178723215416134, 0.0, -41.110381615999515, 53.178872261056945, 0.0, -41.260744433510375, 53.15505748640552, 0.0, -41.396388800887784, 53.085943623689545, 0.0, -41.50403690229487, 52.9782960193149, 0.0, -41.573151391598984, 52.842651970850255, 0.0, -41.59696686098515, 52.69228926280977, 0.0, -41.59718514945896, -42.19161445177262, 0.0, -41.5733703720003, -42.341977268809785, 0.0, -41.5042565070716, -42.47762163480688, 0.0], "f": [0, 1, 2, 2, 3, 4, 4, 5, 6, 6, 7, 8, 8, 9, 10, 10, 11, 12, 13, 14, 15, 16, 17, 18, 18, 19, 20, 20, 21, 22, 22, 23, 24, 24, 25, 26, 26, 27, 28, 28, 29, 30, 30, 31, 32, 32, 0, 2, 2, 4, 6, 6, 8, 10, 10, 12, 13, 13, 15, 16, 16, 18, 20, 20, 22, 24, 24, 26, 28, 28, 30, 32, 32, 2, 6, 6, 10, 13, 13, 16, 20, 20, 24, 28, 28, 32, 6, 6, 13, 20, 20, 28, 6]}, "polygons": [[[[-41.26096485249499, -42.65438422066977, 0.0], [-41.110602145114996, -42.67819968707835, 0.0], [23.361793182946975, -42.678347451683905, 0.0], [23.512155997503072, -42.65453267483688, 0.0], [23.647800361336714, -42.585418810929085, 0.0], [23.755448459062258, -42.47777120657257, 0.0], [23.82456294481623, -42.34212715922951, 0.0], [23.848378411213055, -42.191764453405, 0.0], [23.84852072092942, 19.63310836693623, 0.0], [23.84856776330726, 40.07014601037708, 0.0], [23.831227861930216, 40.17962747646769, 0.0], [23.848568269187776, 40.2891088624351, 0.0], [23.848572991239458, 42.33276214835197, 0.0], [23.825453122788186, 42.47873743649469, 0.0], [23.84857366588715, 42.62471261778307, 0.0], [23.848578726314674, 44.81434113861714, 0.0], [23.84279875923323, 44.85083496065564, 0.0], [23.848578895015592, 44.887328755984534, 0.0], [23.848596940815913, 52.69213797400967, 0.0], [23.824782166935265, 52.84250079011898, 0.0], [23.755668305729905, 52.9781451562962, 0.0], [23.648020703452154, 53.08579325693205, 0.0], [23.512376657466326, 53.15490774587731, 0.0], [23.36201395204245, 53.178723215416134, 0.0], [-41.110381615999515, 53.178872261056945, 0.0], [-41.260744433510375, 53.15505748640552, 0.0], [-41.396388800887784, 53.085943623689545, 0.0], [-41.50403690229487, 52.9782960193149, 0.0], [-41.573151391598984, 52.842651970850255, 0.0], [-41.59696686098515, 52.69228926280977, 0.0], [-41.59716686654578, -34.24454264501785, 0.0], [-41.59718514945896, -42.19161445177262, 0.0], [-41.5733703720003, -42.341977268809785, 0.0], [-41.5042565070716, -42.47762163480688, 0.0], [-41.39660890136536, -42.58526973406398, 0.0], [-41.26096485249499, -42.65438422066977, 0.0]]]]}